voiceActor,movie,character
Joan Cusack,Chicken Little,Abby Mallard
Monica Evans,The Aristocats,Abigail Gabble
Jason Alexander,The Return of Jafar,Abis Mal
Frank Welker,Aladdin,Abu
Sherry Lynn,The Little Mermaid,Adella
Greg Germann,Bolt,The Agent
Kevin McDonald,Lilo & Stitch,Agent Wendy Pleakley
John Abbott,The Jungle Book,Akela
Thurl Ravenscroft,Lady and the Tramp,Al the Alligator
D. B. Sweeney,Dinosaur,Aladar
Scott Weinger,Aladdin,Aladdin
Randy Quaid,Home on the Range,Alameda Slim
Roger Miller,Robin Hood,Alan-a-Dale
Kimmy Robertson,The Little Mermaid,Alana
Barbara Barrie,Hercules,Alcmene
Kathryn Beaumont,Alice in Wonderland,Alice
Heather Angel,Alice in Wonderland,Alice's Sister
Carole Shelley,The Aristocats,Amelia Gabble
Jack Albertson,The Fox and the Hound,Amos Slade
Hal Holbrook,Hercules,Amphitryon
Lucille Bliss,Cinderella,Anastasia Tremaine
Andrea Martin,Brother Bear 2,Anda
Tara Strong,The Little Mermaid,Andrina
Alyssa Milano,Lady and the Tramp II: Scamp's Adventure,Angel
Bernadette Peters,Beauty and the Beast: The Enchanted Christmas,Angelique
Campbell Grant,The Adventures of Ichabod and Mr. Toad,Angus MacBadger
Lisa Davis,101 Dalmatians,Anita Radcliffe
Kristen Bell,Frozen,Anna
Debi Derryberry,Lady and the Tramp II: Scamp's Adventure,Annette
Keith David,Hercules,Apollo
Grey DeLisle,The Little Mermaid,Aquata
Pinto Colvig,The Three Caballeros,Aracuan Bird
David Ogden Stiers,The Hunchback of Notre Dame,The Archdeacon
Nigel Hawthorne,Tarzan,Archimedes Q. Porter
Junius Matthews,The Sword in the Stone,Archimedes
Jodi Benson,The Little Mermaid,Ariel
Kimmy Robertson,The Little Mermaid,Arista
Jo Anne Worley,Beauty and the Beast,Armoire
Rickie Sorensen,The Sword in the Stone,Arthur/Wart
Richard Reitherman,The Sword in the Stone,Arthur/Wart
Robert Reitherman,The Sword in the Stone,Arthur/Wart
David Lander,Jungle Cubs,Arthur
Jenny Slate,Zootopia,Assistant Mayor Dawn Bellwether
Jeff Bennett,Brother Bear 2,Atka
Paddi Edwards,Hercules,Atropos
Kari Wahlgren,The Little Mermaid,Attina
Estelle Harris,Home on the Range,Audrey the Chicken
Jacqueline Obradors,Atlantis: The Lost Empire,Audrey Ramirez
Verna Felton,Lady and the Tramp,Aunt Sarah
Wendie Malick,Brother Bear 2,Aunt Siqiniq
Kathy Najimy,Brother Bear 2,Aunt Taqqiq
Mary Costa,Sleeping Beauty,Aurora
Jeff Bennett,Beauty and the Beast: The Enchanted Christmas,Axe
Martin Short,Treasure Planet,B.E.N.
Mary Kay Bergman,Beauty and the Beast,Babette
Terry McGovern,DuckTales,Babyface Beagle
Tress MacNeille,Mickey Mouse Clubhouse,Baby Red Bird
April Winchell,Who Framed Roger Rabbit,Baby Herman
Lou Hirsch,Who Framed Roger Rabbit,Baby Herman
Danny Mann,DuckTales,Backwoods Beagle
Frank Welker,DuckTales,Baggy Beagle
Sebastian Cabot,The Jungle Book,Bagheera
Tim Gunn,Sofia the First,Baileywick
Alex Murphey,Beauty and the Beast,Baker
Rob Paulsen,Cinderella II: Dreams Come True,Baker
Phil Harris,The Jungle Book,Baloo Bear
Donnie Dunagan,Bambi,Bambi
Hardie Albright,Bambi,Bambi
Alexander Gould,Bambi,Bambi
Paula Winslowe,Bambi,Bambi's Mother
Cheech Marin,The Lion King,Banzai
Peter Cullen,DuckTales,Bankjob Beagle
Barrie Ingham,The Great Mouse Detective,Bartholomew
Scotty Mattraw,Snow White and the Seven Dwarfs,Bashful
Barrie Ingham,The Great Mouse Detective,Basil of Baker Street
Joan Plowright,Dinosaur,Baylene
Dal McKennon,Bedknobs and Broomsticks,Bear
Haley Joel Osment,The Country Bears,Beary Barrington
Robby Benson,Beauty and the Beast,Beast
Stan Freberg,Lady and the Tramp,Beaver
Frank Welker,Mickey Mouse Clubhouse,Bella
Paige O'Hara,Beauty and the Beast,Belle
Billy Connolly,Pocahontas,Ben
Jim Cummings,Fantasia,Ben Ali Gator
Nate Torrence,Zootopia,Benjamin Clawhauser
Charles Fleischer,Who Framed Roger Rabbit,Benny the Cab
Unknown,The Legend of Coyote Rock,Bent-Tail the Coyote
Unknown,Sheep Dog,Bent-Tail Junior
Joan Gerber,DuckTales,Bentina Beakley
Vicki Lewis,An Extremely Goofy Movie,Beret Girl
Dean Clark,The Aristocats,Berlioz
Bob Newheart,The Rescuers,Bernard
James Gammon,The Country Bears,Big Al
Billy Bletcher,Three Little Pigs,Big Bad Wolf
Pearl Bailey,The Fox and the Hound,Big Mama
Frank Welker,DuckTales,Bigtime Beagle
Larry Grey,Alice in Wonderland,Bill the Lizard
Thurl Ravenscroft,The Aristocats,Billy Boss
Patrick McGoohan,Treasure Planet,Billy Bones
Kath Soucie,Beauty and the Beast,Bimbette
Susan Tolsky,Darkwing Duck,Binkie Muddlefoot
Thurl Ravenscroft,The Sword in the Stone,Black Bart
Nick Swardson,Bolt,Blake
Evelyn Venable,Pinocchio,Blue Fairy
Rob Paulsen,Disney Fairies,Bobble
John Travolta,Bolt,Bolt
Robert Ridgely,DuckTales,Bomber Beagle
Bonnie Hunt,Zootopia,Bonnie Hopps
Alvin Epstein,Beauty and the Beast,Bookseller
Paul Winchell,The Fox and the Hound,Boomer
Jim Cummings,Bonkers,Bonkers D. Bobcat
Brad Garrett,Timon and Pumbaa,Boss Beaver
Chuck McCann,DuckTales,Bouncer Beagle
Stephen J. Anderson,Meet the Robinsons,Bowler Hat Guy
Nick Stewart,Song of the South,Br'er Bear
James Baskett,Song of the South,Br'er Fox
Johnny Lee,Song of the South,Br'er Rabbit
Jeff Bennett,An Extremely Goofy Movie,Bradley Uppercrust III
Jimmy MacDonald,Cinderella,Bruno the Dog
Peter Siragusa,Dinosaur,Bruton
Candy Candido,The Rescuers,Brutus and Nero
Cuba Gooding Jr.,Home on the Range,Buck
Garry Marshall,Chicken Little,Buck Cluck
Byron Howard,Zootopia,Bucky Oryx-Antlerson
Bob Bergen,The Emperor's New Groove,Bucky the Squirrel
Michael Colyar,The Princess and the Frog,Buford the Cook
Brian Cummings,DuckTales,Bugle Beagle
Chuck McCann,DuckTales,Burger Beagle
Chazz Palminteri,Lady and the Tramp II: Scamp's Adventure,Buster
Frank Welker,Bone Trouble,Butch the Bulldog
J. Pat O'Malley,The Jungle Book,Buzzie the Vulture
Kath Soucie,101 Dalmatians: The Series,Cadpig
Lillias White,Hercules,Calliope
Katie Lowes,Wreck-It Ralph,Candlehead
Thurl Ravenscroft,One Hundred and One Dalmatians,The Captain
Emma Thompson,Treasure Planet,Captain Amelia
Hans Conried,Peter Pan,Captain Hook
Mel Gibson,Pocahontas,Captain John Smith
Kevin Kline,The Hunchback of Notre Dame,Captain Phoebus
Harland Williams,Meet the Robinsons,Carl the Robot
Edie McClurg,The Little Mermaid,Carlotta the Maid
J. Pat O'Malley,Alice in Wonderland,The Carpenter
Margaret Wright,Dumbo,Casey Junior
Patrick Swayze,The Fox and the Hound 2,Cash
John Rhys-Davies,Aladdin and the King of Thieves,Cassim
Richard Haydn,Alice in Wonderland,The Caterpillar
Noreen Gammill,Dumbo,Catty the Elephant
Michael McKean,Jungle Cubs,Cecil the Vulture
Jess Harnell,Sofia the First,Cedric the Sorcerer
Kellyann Kelso,The Emperor's New Groove,Chaca
April Winchell,Belle's Magical World,Chandeleria
Bernard Fox,The Rescuers,Chair Mouse
Frank Welker,Goof Troop,Chainsaw
Jennifer Cody,The Princess and the Frog,Charlotte La Bouff
Rob Paulsen,Timon and Pumbaa,Cheetata and Cheetato
Brian Cummings,Beauty and the Beast,Chef Bouche
Rene Auberjonois,The Little Mermaid,Chef Louis
Corey Burton,Fantasia,Chernabog
Sterling Holloway,Alice in Wonderland,Cheshire Cat
James Hong,Mulan,Chi-Fu
Wendie Malick,The Emperor's New Groove,Chicha
Zach Braff,Chicken Little,Chicken Little
Pat Buttram,The Fox and the Hound,Chief
Idris Elba,Zootopia,Chief Bogo
Russell Means,Pocahontas,Chief Powhatan
Jerry Tondo,Mulan,Chien-Po
James MacDonald,Private Pluto,Chip
Bradley Michael Pierce,Beauty and the Beast,Chip Potts
Bruce Reitherman,Winnie the Pooh and the Honey Tree,Christopher Robin
Ilene Woods,Cinderella,Cinderella
Jeff Bennett,Disney Fairies,Clank
Florence Gill,Orphan's Benefit,Clara Cluck
Marcellite Garner,Plane Crazy,Clarabelle Cow
Brian Blessed,Tarzan,Clayton
Vanéese Y. Thomas,Hercules,Clio
Paul Kandel,The Hunchback of Notre Dame,Clopin Trouillefou
Amanda Plummer,Hercules,Clotho
Wayne Brady,Sofia the First,Clover
Charles Judels,Pinocchio,The Coachman
Ving Rhames,Lilo & Stitch,Cobra Bubbles
Robert Holt,Bedknobs and Broomsticks,Codfish
Adam Ryen,The Rescuers Down Under,Cody
David Ogden Stiers,Beauty and the Beast,Cogsworth
Kath Soucie,Lady and the Tramp II: Scamp's Adventure,Colette
J. Pat O'Malley,101 Dalmatians,The Colonel
J. Pat O'Malley,The Jungle Book,Colonel Hathi
James Garner,Atlantis: The Lost Empire,Commander Lyle Rourke
Jim Varney,Atlantis: The Lost Empire,Cookie
Corey Feldman,The Fox and the Hound,Copper
Tom Selleck,Meet the Robinsons,Cornelius Robinson
Randy Newman,The Princess and the Frog,Cousin Randy
Jeff Bennett,Belle's Magical World,Crane
Phil Fondacaro,The Black Cauldron,Creeper
Betty Lou Gerson,101 Dalmatians,Cruella de Vil
Cymbre Walk,Wreck-It Ralph,Crumbelina DiCaramello
Robert Ellis,Peter Pan,Cubby
J. Pat O'Malley,The Adventures of Ichabod and Mr. Toad,Cyril Proudbottom
Clarence Nash,Mr. Duck Steps Out,Daisy Duck
Dessie Flynn,Private Pluto,Dale
Freddie Jones,The Black Cauldron,Dallben
Kath Soucie,Lady and the Tramp II: Scamp's Adventure,Danielle
Andrew McDonough,Return to Never Land,Danny
Chloë Grace Moretz,My Friends Tigger & Pooh,Darby
Peggy Lee,Lady and the Tramp,Darling
Stephen Furst,The Little Mermaid II: Return to the Sea,Dash
Jason Scott Lee,Lilo & Stitch,David Kawena
Wayne Knight,Hercules,Demetrius
Jason Raize,Brother Bear,Denahi
Peter Renaday,Darkwing Duck,Derek Blunt
Carl Weintraub,Oliver & Company,DeSoto
Clarence Nash,Donald's Nephews,Dewey
Justin Berfield,The Country Bears,Dex Barrington
Dub Taylor,The Rescuers,Digger the Mole
Richard Libertini,DuckTales,Dijon the Thief
Richard Bakalyan,The Fox and the Hound,Dinky
James Lipton,Bolt,The Director
Reba McEntire,The Fox and the Hound 2,Dixie
Lord Tim Hudson,The Jungle Book,Dizzie the Vulture
Roy Atwell,Snow White and the Seven Dwarfs,Doc
Bernard Fox,The Rescuers Down Under,Doctor Mouse
Billy Joel,Oliver & Company,Dodger
Bill Thompson,Alice in Wonderland,The Dodo
Jeff Bennett,Lady and the Tramp II: Scamp's Adventure,The Dog Catcher
John Byner,The Black Cauldron,Doli
Jim Cummings,TaleSpin,Don Karnage
Clarence Nash,The Wise Little Hen,Donald Duck
Brian Cummings,DuckTales,Doofus Drake
Joseph Kearns,Alice in Wonderland,The Doorknob
Don Barclay,Cinderella,The Doorman
Eddie Collins,Snow White and the Seven Dwarfs,Dopey
Ethan Sandler,Meet the Robinsons,Doris
Jimmy MacDonald,Alice in Wonderland,The Dormouse
Rich Moore,Zootopia,Doug Ramses
Malcolm McDowell,Bolt,Dr. Calico
Val Bettin,The Great Mouse Detective,Dr. David Q. Dawson
David Hyde Pierce,Treasure Planet,Dr. Doppler
Keith David,The Princess and the Frog,Dr. Facilier
Ronn Moss,Bolt,Dr. Forrester
Jeff Bennett,Stitch! The Movie,Dr. Jacques von Hamsterviel
Phil Morris,Atlantis: The Lost Empire,Dr. Joshua Sweet
David Ogden Stiers,Lilo & Stitch,Dr. Jumba Jookiba
Tino Insana,Darkwing Duck,Dr. Reginald Bushroot
Jim Cummings,Darkwing Duck,Drake Mallard (Darkwing Duck)
Rhoda Williams,Cinderella,Drizella Tremaine
Eva Gabor,The Aristocats,Duchess
Marjorie Bennett,One Hundred and One Dalmatians,Duchess
Chuck McCann,DuckTales,Duckworth
Alan Tudyk,Frozen,Duke of Weselton
Alan Tudyk,Zootopia,Duke Weaselton
Horatio Sanz,Wreck-It Ralph,Duncan
Jim Cummings,The Lion King,Ed
Roddy Maude-Roxby,The Aristocats,Edgar Balthazar the Butler
Roger Rees,Return to Never Land,Edward
Della Reese,Dinosaur,Eema
Ralph Wright,Winnie the Pooh and the Honey Tree,Eeyore
Richard Mulligan,Oliver & Company,Einstein
Jim Cummings,DuckTales,El Capitan
John Goodman,The Princess and the Frog,"Eli ""Big Daddy"" La Bouff"
Jeanette Nolan,The Rescuers,Ellie Mae
Charlie Callas,Pete's Dragon,Elliott
Idina Menzel,Frozen,Elsa
Pat Morita,Mulan,Emperor of China
Kath Soucie,Beauty and the Beast: The Enchanted Christmas,The Enchantress
Demi Moore,The Hunchback of Notre Dame,Esmeralda
Oprah Winfrey,The Princess and the Frog,Eudora
Jimmy MacDonald,The Rescuers,Evinrude
Freda Foh Shen,Mulan,Fa Li
Soon-Tek Oh,Mulan,Fa Zhou
Dom DeLuise,Oliver & Company,Fagin
Verna Felton,Cinderella,Fairy Godmother
Jane Horrocks,Disney Fairies,Fairy Mary
Cammie King,Bambi,Faline
Frank Welker,Bonkers,Fall-Apart Rabbit
Carla Meyer,The Rescuers Down Under,Faloo
Jim Cummings,Chip 'n Dale Rescue Rangers,Fat Cat
Ben Wright,The Jungle Book,Father Wolf
Barbara Jo Allen,Sleeping Beauty,Fauna
America Ferrera,Disney Fairies,Fawn
Frank Welker,The Great Mouse Detective,Felicia the Cat
Hamilton Camp,DuckTales,Fenton Crackshell (Gizmoduck)
David Ogden Stiers,Atlantis: The Lost Empire,Fenton Q. Harcourt
Milt Kahl,Silly Symphonies,Ferdinand the Bull
Nigel Hawthorne,The Black Cauldron,Fflewddur Fflam
Candy Candido,The Great Mouse Detective,Fidget
Mary Moder,Three Little Pigs,Fiddler Pig
Paul Reubens,Beauty and the Beast: The Enchanted Christmas,Fife the Piccolo
Dorothy Compton,Three Little Pigs,Fifer Pig
Kimmy Robertson,Beauty and the Beast,Fifi the Featherduster
Mel Blanc,Pinocchio,Figaro the Cat
Dave Goelz,Journey into Imagination with Figment,Figment
"Tommy ""Tiny"" Lister Jr.",Zootopia,Finnick
George Takei,Mulan,First Ancestor Fa
Hugo Weaving,Fantasia 2000,Firebird !The Firebird
Dan Molina,Chicken Little,Fish Out of Water
Jack McBrayer,Wreck-It Ralph,Fix-It Felix Jr.
Chad Stuart,The Jungle Book,Flaps the Vulture
Raymond S. Persi,Zootopia,Flash Slothmore
Hal Smith,DuckTales,Flintheart Glomgold
Frank Welker,Pocahontas,Flit
Verna Felton,Sleeping Beauty,Flora
Paddi Edwards,The Little Mermaid,Flotsam and Jetsam
Jason Marin,The Little Mermaid,Flounder
Stan Alexander,Bambi,Flower
Leo De Lyon,The Jungle Book,Flunkey the Baboon
Zachary Levi,Tangled,Flynn Rider
Larry Grey,Cinderella,Footman
Tim Curry,Beauty and the Beast: The Enchanted Christmas,Forte the Pipe Organ
Amy Sedaris,Chicken Little,Foxy Loxy
Edie McClurg,Higglytown Heroes,Fran
Roscoe Lee Browne,Oliver & Company,Francis
Bronson Pinchot,Lady and the Tramp II: Scamp's Adventure,Francois
Ed Gilbert,The Rescuers Down Under,Francois
Wayne Robson,The Rescuers Down Under,Frank
Aurian Redson,Meet the Robinsons,Frankie the Frog
Nicole Sullivan,Meet the Robinsons,Franny Robinson
S. Scott Bullock,Timon and Pumbaa,Fred
Andy Devine,Robin Hood,Friar Tuck
Will Wright,Bambi,Friend Owl
Nancy Kulp,The Aristocats,Frou-Frou
Tress MacNeille,Chip 'n Dale Rescue Rangers,Gadget Hackwrench
Corey Burton,Atlantis: The Lost Empire,"Gaetan ""Mole"" Moliére"
Kevin Michael Richardson,Lilo & Stitch,Captain Gantu
Richard White,Beauty and the Beast,Gaston
Shakira,Zootopia,Gazelle
Dennis Haysbert,Wreck-It Ralph,General Hologram
James Shigeta,Mulan,General Li
Robin Williams,Aladdin,Genie
Hans Conried,Peter Pan,George Darling
Charles Lane,The Aristocats,Georges Hautecourt
Bette Midler,Oliver & Company,Georgette
Christian Rub,Pinocchio,Geppetto
Dorothy Scott,Dumbo,Giddy the Elephant
Mel Blanc,Pinocchio,Gideon
Amy Adams,Enchanted,Giselle
Rob Paulsen,DuckTales,Gladstone Gander
Grey Delisle,Secret of the Wings,Gliss
Joan Gerber,DuckTales,Glittering Goldie
Matthew Josten,Meet the Robinsons,Goob
Pinto Colvig,Mickey's Revue,Goofy
Mark Walton,Chicken Little,Goosey Loosey
Howard Morris,Winnie the Pooh and the Honey Tree,Gopher
Christine Cavanaugh,Darkwing Duck,Gosalyn Mallard
David Ogden Stiers,Pocahontas,Governor John Ratcliffe
Jennifer Tilly,Home on the Range,Grace
Rachel House,Moana,Gramma Tala
Larry Clemmons,The Rescuers,Gramps
Zoe Caldwell,Lilo & Stitch,Grand Councilwoman
Luis Van Rooten,Cinderella,The Grand Duke
June Foray,"This is Your Life, Donald Duck",Grandma Duck
June Foray,Mulan,Grandmother Fa
Linda Hunt,Pocahontas,Grandmother Willow
Vicki Lawrence,The Fox and the Hound 2,Granny Rose
Charles Fleischer,Who Framed Roger Rabbit,Greasy the Weasel
Fred Shields,Bambi,Great Prince of the Forest
Ben Wright,The Little Mermaid,Grimsby
Brian Pimental,Bambi II,The Groundhog
Pinto Colvig,Snow White and the Seven Dwarfs,Grumpy
John Byner,The Black Cauldron,Gurgi
Jimmy MacDonald,Cinderella,Gus Lollygagger
Clarence Nash,Donald's Cousin Gus,Gus Goose
Hal Smith,DuckTales,Gyro Gearloose
James Woods,Hercules,Hades
Micheal McShane,Treasure Planet,Hands
Otis Harlan,Snow White and the Seven Dwarfs,Happy
Will Ryan,The Little Mermaid,Harold the Seahorse
James Avery,Aladdin,Haroud Hazi Bin
Corey Burton,The Princess and the Frog,Harvey Fenner
Alan Tudyk,Moana,Heihei the Rooster
Claudia Christian,Atlantis: The Lost Empire,Helga Sinclair
Jerry Kernion,The Princess and the Frog,Henry Fenner
Samantha Eggar,Hercules,Hera
Jim Cummings,Darkwing Duck,Herb Muddlefoot
Tate Donovan,Hercules,Hercules
Paul Shaffer,Hercules,Hermes
Alan Young,The Great Mouse Detective,Hiram Flaversham
Lord Tim Hudson,The Aristocats,Hit Cat the English Cat
Katie Leigh,Darkwing Duck,Honker Muddlefoot
Brad Garrett,Tangled,Hook Hand
Tress MacNeille,Brother Bear 2,Hoonah
Frederick Worlock,101 Dalmatians,Horace & Jasper
Walt Disney,The Plow Boy,Horace Horsecollar
John Hurt,The Black Cauldron,The Horned King
Clarence Nash,Donald's Nephews,Huey
Jason Alexander,The Hunchback of Notre Dame,Hugo
Stuart Buchanan,Snow White and the Seven Dwarfs,Humbert the Huntsman
Jimmy MacDonald,Hold That Pose,Humphrey the Bear
Tress MacNeille,Fantasia,Hyacinth Hippo
Gilbert Gottfried,Aladdin,Iago
Kevin Michael Richardson,The Princess and the Frog,Ian the Alligator
Pinto Colvig,The Adventures of Ichabod and Mr. Toad,Ichabod Crane
Candy Candido,Peter Pan,The Indian Chief
Wanda Sykes,Brother Bear 2,Innoko
Raven-Symoné,Disney Fairies,Iridessa
Bill Thompson,Grin and Bear It,J. Audubon Woodlore
Danny Mann,Darkwing Duck,J. Gander Hooter
Eric Blore,The Adventures of Ichabod and Mr. Toad,J. Thaddeus Toad
Walter Catlett,Pinocchio,J. Worthington Foulfellow
John Lithgow,Fantasia 2000,Jack-in-the-Box
Jimmy MacDonald,Cinderella,"Jackson ""Jaq"" Hopscotch"
Jonathan Freeman,Aladdin,Jafar
Tristan Rogers,The Rescuers Down Under,Jake
Harriet Owen,Return to Never Land,Jane
Minnie Driver,Tarzan,Jane Porter
Joe Flaherty,Home on the Range,Jeb the Goat
Natalie Gregory,Oliver & Company,"Jennifer ""Jenny"" Foxworth"
Martha Wentworth,Silly Symphonies,Jenny Wren
John DiMaggio,Zootopia,Jerry Jumbeaux Jr.
John DiMaggio,Zootopia,Jesse the Ram
Kathleen Turner,Who Framed Roger Rabbit,Jessica Rabbit
Cliff Edwards,Dumbo,Jim Crow
Lee Millar,Lady and the Tramp,Jim Dear
Joseph Gordon-Levitt,Treasure Planet,Jim Hawkins
Cliff Edwards,Pinocchio,Jiminy Cricket
Bill Thompson,Lady and the Tramp,Jock
Pinto Colvig,Silly Symphonies,Joe Giraffe
Paul Collins,Peter Pan,John Darling
Brian Murray,Treasure Planet,John Silver
Dennis Day,Melody Time,Johnny Appleseed
José Oliveira,Saludos Amigos,José Carioca
Josie Trinidad,Wreck-It Ralph,Jubileena Bing-Bing
Tony Jay,The Hunchback of Notre Dame,Judge Claude Frollo
Christopher Lloyd,Who Framed Roger Rabbit,Judge Doom
Ginnifer Goodwin,Zootopia,Judy Hopps
Clint Howard,The Jungle Book,Junior
Lance LeGault,Home on the Range,Junior the Buffalo
Sterling Holloway,The Jungle Book,Kaa
Glenn Close,Tarzan,Kala
Barbara Luddy,Winnie the Pooh and the Honey Tree,Kanga
Catherine O'Hara,Brother Bear 2,Kata
Gordon Tootoosis,Pocahontas,Kekata the Medicine man
Joaquin Phoenix,Brother Bear,Kenai
Lance Henriksen,Tarzan,Kerchak
Michelle Horn,The Lion King II: Simba's Pride,Kiara
Luis Van Rooten,Cinderella,The King
Dink Trout,Alice in Wonderland,The King of Hearts
Alan Tudyk,Wreck-It Ralph,King Candy/Turbo
Arthur Malet,The Black Cauldron,King Eiddileg
Bill Thompson,Sleeping Beauty,King Hubert
Leonard Nimoy,Atlantis: The Lost Empire,King Kashekim Nedakh
Lennie Weinrib,Bedknobs and Broomsticks,King Leonidas
Louis Prima,The Jungle Book,King Louie
Peter Ustinov,Robin Hood,King Richard
Travis Willingham,Sofia the First,King Roland II
Taylor Holmes,Sleeping Beauty,King Stefan
Kenneth Mars,The Little Mermaid,King Triton
Sean Elmore,Chicken Little,Kirby
R. J. Williams,TaleSpin,Kit Cloudkicker
James Apaumut Fall,Pocahontas,Kocoum
Jeremy Suarez,Brother Bear,Koda
Ryan O'Donohue,The Lion King II: Simba's Pride,Kovu
Douglas Seale,The Rescuers Down Under,Krebbs
Jonathan Groff,Frozen,Kristoff
Samuel E. Wright,Dinosaur,Kron
Patrick Warburton,The Emperor's New Groove,Kronk Pepikrankenitz
David Spade,The Emperor's New Groove,Kuzco
Carole Shelley,Hercules,Lachesis
Barbara Luddy,Lady and the Tramp,Lady
April Winchell,The Hunchback of Notre Dame II,Lady DeBurne
Carole Shelley,Robin Hood,Lady Kluck
Shani Wallis,The Great Mouse Detective,Lady Mouse
Eleanor Audley,Cinderella,Lady Tremaine
George Lindsey,The Aristocats,Lafayette the Basset Hound
Frankie Darro,Pinocchio,Lampwick
Marshall Efron,Home on the Range,Larry the Duck
Terry McGovern,DuckTales,Launchpad McQuack
Mary Wickes,The Hunchback of Notre Dame,Laverne
Peter Bartlett,The Princess and the Frog,Lawrence the Valet
Jesse Corti,Beauty and the Beast,Le Fou
Nathan Greno,Meet the Robinsons,Lefty
Rob Paulsen,Belle's Magical World,Le Plufme
Jordan Fry,Meet the Robinsons,Lewis
B.D. Wong,Mulan,Li Shang
Andrew Lawrence,The Porker's Court,Lil Bad Wolf
Daveigh Chase,Lilo & Stitch,Lilo Pelekai
Gedde Watanabe,Mulan,Ling
Jack Angel,Darkwing Duck,Liquidator !The Liquidator
Phil Harris,Robin Hood,Little John
Ed O'Neill,Wreck-It Ralph,Mr. Litwak
Tracey Miller-Zarneke,Meet the Robinsons,Lizzy
Lauren Mote,Tinker Bell and the Great Fairy Rescue,Lizzy Griffths
Clarence Nash,Donald's Nephews,Louie
Frank Welker,Oliver & Company,Louie the Hot Dog Man
Michael-Leon Wooley,The Princess and the Frog,Louis the Alligator
June Foray,Cinderella,Lucifer the Cat
Laurie Metcalf,Meet the Robinsons,Lucille Krunklehorn
Mimi Gibson,One Hundred and One Dalmatians,Lucky
Charles Haid,Home on the Range,Lucky Jack
Paul Frees,An Adventure in Color,Ludwig Von Drake
Pat Buttram,The Rescuers,Luke
Jerry Orbach,Beauty and the Beast,Lumière
Kyle Stanger,Pooh's Heffalump Movie,Lumpy the Heffalump
Jeff Foxworthy,The Fox and the Hound 2,Lyle
June Foray,DuckTales,Ma Beagle
Ed Wynn,Alice in Wonderland,Mad Hatter
Hermione Baddeley,The Aristocats,Madame Adelaide Bonfamille
Geraldine Page,The Rescuers,Madame Medusa
Martha Wentworth,The Sword in the Stone,Madam Mim
Tress MacNeille,Fantasia,Madame Upanova
Jennifer Love Hewitt,The Hunchback of Notre Dame II,Madellaine
Roseanne Barr,Home on the Range,Maggie
Moroni Olsen,Snow White and the Seven Dwarfs,The Magic Mirror
June Foray,DuckTales,Magica De Spell
Tress MacNeille,Jungle Cubs,Mahra the Baboon
Monica Evans,Robin Hood,Maid Marian
Eleanor Audley,Sleeping Beauty,Maleficent
Jessica Di Cicco,The Emperor's New School,Malina
Jenifer Lewis,The Princess and the Frog,Mama Odie
Frank Welker,The Rescuers Down Under,Marahute
Jerry Colonna,Alice in Wonderland,March Hare
Liz English,The Aristocats,Marie
Joe Lo Truglio,Wreck-It Ralph,Markowski
Emeril Lagasse,The Princess and the Frog,Marlon the Alligator
Heather Angel,Peter Pan,Mary Darling
Miriam Margoyles,Mulan,The Matchmaker
Dwayne Johnson,Moana,Maui
Rex Everhart,Beauty and the Beast,Maurice
Dana Hill,Goof Troop,Max Goof
Ned Norton,The Tortoise and the Hare,Max Hare
Frank Welker,The Little Mermaid,Max the Sheepdog
J.K. Simmons,Zootopia,Mayor Lionheart
Charlie Adler,Aladdin,Mechanicles
John Kassir,Pocahontas,Meeko
Frank Welker,DuckTales,Megabyte Beagle
Susan Egan,Hercules,Megara
Dan Castellaneta,Darkwing Duck,Megavolt
Tara Strong,The Little Mermaid II: Return to the Sea,Melody
Cheryl Freeman,Hercules,Melpomene
Fred Willard,Chicken Little,Melvin
Cree Summer,Bambi II,Mena
Karl Swenson,The Sword in the Stone,Merlin
Christopher Lloyd,DuckTales,Merlock the Magician
Barbara Luddy,Sleeping Beauty,Merryweather
Tommy Luske,Peter Pan,Michael Darling
Walt Disney,Steamboat Willie,Mickey Mouse
Rod Roddy,House of Mouse,Mike the Microphone
Angela Bassett,Meet the Robinsons,Mildred
Michael J. Fox,Atlantis: The Lost Empire,Milo Thatch
Kari Wahlgren,Bolt,Mindy
Walt Disney,Plane Crazy,Minnie Mouse
Bebe Neuwirth,Aladdin (TV series),Mirage
Karla DeVito,Bonkers,Miranda Wright
Eva Gabor,The Rescuers,Miss Bianca
Melissa Manchester,The Great Mouse Detective,Miss Kitty
Megan Mullally,Sofia the First,Miss Nettle
Susie Essman,Bolt,Mittens
Auli'i Cravalho,Moana,Moana Waialiki
Colin Campbell,The Adventures of Ichabod and Mr. Toad,Moley
Tony Jay,Beauty and the Beast,Monsieur D'Arque
Thurl Ravenscroft,Pinocchio,Monstro
Jim Cummings,Chip 'n Dale Rescue Rangers,Monterey Jack
Bill Fagerbakke,Lady and the Tramp II: Scamp's Adventure,Mooch
Mark Dindal,Chicken Little,Morcupine Porcupine
Pat Carroll,The Little Mermaid II: Return to the Sea,Morgana
Kath Soucie,Darkwing Duck,Morgana McCawber
Dane A. Davis,Treasure Planet,Morph
Maurice LaMarche,Mickey's Rival,Mortimer Mouse
Donna Murphy,Tangled,Mother Gothel
Barbara Luddy,Robin Hood,Mother Rabbit
Bruce Reitherman,The Jungle Book,Mowgli
Jonathan Brandis,Aladdin,Mozenrath
Roscoe Lee Browne,Treasure Planet,Mr. Arrow
Maurice LaMarche,Zootopia,Mr. Big
Jeff Pidgeon,Mickey Mouse Clubhouse,Mr. Pettibone
Bill Thompson,Peter Pan,Mr. Smee
Joe Flynn,The Rescuers,Mr. Snoops
Sterling Holloway,Dumbo,Mr. Stork
Tom Kenny,Meet the Robinsons,Mr. Willerstein
Patrick Stewart,Chicken Little,Mr. Woolensworth
Judi Dench,Home on the Range,Mrs. Calloway
June Foray,DuckTales,Mrs. Featherby
Amy Hill,Lilo & Stitch,Mrs. Hasagawa
Diana Chesney,The Great Mouse Detective,Mrs. Judson
Verna Felton,Dumbo,Mrs. Jumbo
Octavia Spencer,Zootopia,Mrs. Otterton
Mary Lansing,Bambi,Mrs. Possum
Angela Lansbury,Beauty and the Beast,Mrs. Potts
Thelma Boardman,Bambi,Mrs. Quail
James Earl Jones,The Lion King,Mufasa
Ming-Na Wen,Mulan,Mulan
Jason Marsden,Tarzan,Mungo
Eddie Murphy,Mulan,Mushu
Miranda Paige Walls,Lilo & Stitch,Myrtle Edmonds
Michelle St. John,Pocahontas,Nakoma
Moira Kelly,The Lion King,Nala
Idina Menzel,Enchanted,Nancy Tremaine
Tia Carrere,Lilo & Stitch,Nani Pelekai
Martha Wentworth,One Hundred and One Dalmatians,Nanny
Pat Buttram,The Aristocats,Napoleon the Bloodhound
Jodi Benson,Aladdin in Nasira's Revenge,Nasira
Timothy Spall,Enchanted,Nathaniel
Jeff Bennett,Timon and Pumbaa,Natives
Charlie Adler,Jungle Cubs,Ned the Baboon
Julianna Margulies,Dinosaur,Neera
Jim Cummings,Darkwing Duck,NegaDuck
Jim Cummings,Hercules,Nessus
Jeffrey Silver,Peter Pan,Nibs
Jason Bateman,Zootopia,"Nicholas ""Nick"" P. Wilde"
Mandy Moore,Brother Bear 2,Nita
Andy Dick,The Lion King II: Simba's Pride,Nuka
Russi Taylor,The Rescuers Down Under,Nurse Mouse
Ken Curtis,Robin Hood,Nutsy the Vulture
Chris Williams,Frozen,Oaken
Frank Welker,Return to Never Land,The Octopus
Josh Gad,Frozen,Olaf
Joey Lawrence,Oliver & Company,Oliver
Susanne Pollatschek,The Great Mouse Detective,Olivia Flaversham
Charlie Dell,Home on the Range,Ollie the Pig
Corey Burton,Treasure Planet,Onus
Eda Reiss Merin,The Black Cauldron,Orddu
Billie Hayes,The Black Cauldron,Orgoch
Jim Jordan,The Rescuers,Orville
Adele Malis-Morey,The Black Cauldron,Orwen
Frank Welker,Trolley Troubles,Oswald the Lucky Rabbit
J. Pat O'Malley,Robin Hood,Otto
Hal Smith,Winnie the Pooh and the Honey Tree,Owl
John Goodman,The Emperor's New Groove,Pacha
Bobcat Goldthwait,Hercules,Pain and Panic
Joaquin Garay,The Three Caballeros,Panchito Pistoles
Frank Welker,Tangled,Pascal
Mickey Maga,One Hundred and One Dalmatians,Patch
Carole Cook,Home on the Range,Pearl Gesner
Peggy Lee,Lady and the Tramp,Peg
April Winchell,Goof Troop,Peg Pete
Frank Welker,Hercules,Pegasus
Grey DeLisle,Bolt,Penny's Mom
Sandra Abbott,One Hundred and One Dalmatians,Penny
Michelle Stacy,The Rescuers,Penny
Miley Cyrus,Bolt,Penny
Kathleen Wilhoite,Pepper Ann,Pepper Ann Pearson
Vito Scotti,The Aristocats,Peppo the Italian Cat
George C. Scott,The Rescuers Down Under,Percival C. McLeach
Danny Mann,Pocahontas,Percy
Cate Bauer,101 Dalmatians,Perdita
Lucy Hale,Secret of the Wings,Periwinkle
Billy Bletcher,Alice Solves the Puzzle,Pete
Rob Paulsen,Goof Troop,Pete Junior
Bobby Driscoll,Peter Pan,Peter Pan
Pinto Colvig,The Wise Little Hen,Peter Pig
Frank Welker,DuckTales,The Phantom Blot
Danny DeVito,Hercules,Philoctetes
Hal Smith,Beauty and the Beast,Philippe the Horse
John Fiedler,Winnie the Pooh and the Blustery Day,Piglet
Dickie Jones,Pinocchio,Pinocchio
Jeff Bennett,Enchanted,Pip
Nancy Cartwright,Goof Troop,Pistol Pete
Alfre Woodard,Dinosaur,Plio
Pinto Colvig,The Chain Gang,Pluto
Irene Bedard,Pocahontas,Pocahontas
Terry McGovern,DuckTales,Poe De Spell
Frank Welker,Cinderella II: Dreams Come True,Pom-Pom
Rod Taylor,101 Dalmatians,Pongo
Tevin Campbell,A Goofy Movie,Powerline
Pinto Colvig,Three Little Pigs,Practical Pig
John Mahoney,Atlantis: The Lost Empire,Preston B. Whitmore
Harry Stockwell,Snow White and the Seven Dwarfs,Prince
William Phipps,Cinderella,Prince Charming
James Marsden,Enchanted,Prince Edward
Christopher Daniel Barnes,The Little Mermaid,Prince Eric
Santino Fontana,Frozen,Prince Hans
Zach Callison,Sofia the First,Prince James
Peter Ustinov,Robin Hood,Prince John
Bruno Campos,The Princess and the Frog,Prince Naveen
Bill Shirley,Sleeping Beauty,Prince Phillip
Queenie Leonard,One Hundred and One Dalmatians,Princess
Darcy Rose Byrnes,Sofia the First,Princess Amber
Susan Sheridan,The Black Cauldron,Princess Eilonwy
Linda Larkin,Aladdin,Princess Jasmine
Cree Summer,Atlantis: The Lost Empire,Princess Kidagakash
Wallace Shawn,A Goofy Movie,Principal Mazur
Sarah Selby,Dumbo,Prissy the Elephant
Jim Cummings,Chip 'n Dale Rescue Rangers,Professor Norton Nimnul
Vincent Price,The Great Mouse Detective,Professor Ratigan
Jared Bush,Zootopia,Pronk Oryx-Antlerson
Holland Taylor,Cinderella II: Dreams Come True,Prudence
Charles Fleischer,Who Framed Roger Rabbit,Psycho the Weasel
Ernie Sabella,The Lion King,Pumbaa
Michael Bell,Darkwing Duck,Quackerjack
Tom Hulce,The Hunchback of Notre Dame,Quasimodo
Kari Wahlgren,Tangled Ever After,Queen
Lorelei Hill Butters,The Little Mermaid: Ariel's Beginning,Queen Athena
Anjelica Huston,Disney Fairies,Queen Clarion
Lucille La Verne,Snow White and the Seven Dwarfs,Queen Grimhilde
Barbara Dirikson,Sleeping Beauty,Queen Leah
Sara Ramirez,Sofia the First,Queen Miranda
Eve Brenner,The Great Mouse Detective,Queen Mousetoria
Susan Sarandon,Enchanted,Queen Narissa
Verna Felton,Alice in Wonderland,The Queen of Hearts
Corey Burton,Timon and Pumbaa,Quint
Junius Matthews,Winnie the Pooh and the Honey Tree,Rabbit
Robert Guillaume,The Lion King,Rafiki
Frank Welker,Aladdin,Rajah
Jamie Elman,Wreck-It Ralph,Rancis Fluggerbutter
Mandy Moore,Tangled,Rapunzel
Claud Allister,The Adventures of Ichabod and Mr. Toad,Ratty
Jim Cummings,The Princess and the Frog,Ray the Firefly
Jim Cummings,Aladdin,Razoul
Peter Firth,The Rescuers Down Under,Red
Mark Walton,Bolt,Rhino
Jennifer Darling,Darkwing Duck,Rhoda Dendron
Charles Dennis,Home on the Range,Rico
Herman Bing,Dumbo,The Ringmaster
Sheryl Lee Ralph,Oliver & Company,Rita
Pauly Shore,A Goofy Movie,"Robert ""Bobby"" Zimmeruski"
Brian Bedford,Robin Hood,Robin Hood
Charles Fleischer,Who Framed Roger Rabbit,Roger Rabbit
Ben Wright,101 Dalmatians,Roger Radcliffe
Barbara Beaird,One Hundred and One Dalmatians,Rolly
Anthony Ghannam,Bambi II,Ronno
Clint Howard,Winnie the Pooh and the Honey Tree,Roo
Dori Whittaker,Winnie the Pooh and the Honey Tree,Roo
Sterling Holloway,The Aristocats,Roquefort the Mouse
Taurean Blacque,Oliver & Company,Roscoe
Doris Lloyd,Alice in Wonderland,The Rose
Kristin Chenoweth,Disney Fairies,Rosetta
Kellie Martin,A Goofy Movie,Roxanne
Cathy Moriarty,Lady and the Tramp II: Scamp's Adventure,Ruby
John McIntire,The Rescuers,Rufus
Steve Zahn,Chicken Little,Runt of the Litter
G.W. Bailey,Home on the Range,Rusty the Dog
Rick Moranis,Brother Bear,Rutt and Tuke
Jerry Orbach,Aladdin and the King of Thieves,Sa'luk
Kellie Martin,Aladdin,Sadira
Garrett John Hedlund,Tron: Legacy,Sam Flynn
Richard Riehle,Home on the Range,Sam the Sheriff
Madge Sinclair,The Lion King,Sarabi
Zoe Leader,The Lion King,Sarafina
Laurie Metcalf,Treasure Planet,Sarah Hawkins
Michael McKean,The Hunchback of Notre Dame II,Sarousch
Scott Wolf,Lady and the Tramp II: Scamp's Adventure,Scamp
Jeremy Irons,The Lion King,Scar
Scatman Crothers,The Aristocats,Scat Cat
Alan Young,DuckTales,Scrooge McDuck
Michael Wincott,Treasure Planet,Scroop
Buddy Hackett,The Little Mermaid,Scuttle
Samuel E. Wright,The Little Mermaid,Sebastian
Lennie Weinrib,Bedknobs and Broomsticks,Secretary Bird
Jane Lynch,Wreck-It Ralph,Sergeant Calhoun
David Frankham,101 Dalmatians,Sgt. Tibbs
Miguel Ferrer,Mulan,Shan Yu
Darleen Carr,The Jungle Book,Shanti (The Girl)
Mary Gibbs,Mulan 2,Sha-ron
Whoopi Goldberg,The Lion King,Shenzi
George Sanders,The Jungle Book,Shere Khan
Pat Buttram,Robin Hood,Sheriff of Nottingham
Paul Winchell,The Aristocats,Shun Gon the Chinese Cat
Peggy Lee,Lady and the Tramp,Si & Am
Lucy Liu,Disney Fairies,Silvermist
Jonathan Taylor Thomas,The Lion King,Simba
Matthew Broderick,The Lion King,Simba
Sebastian Cabot,The Sword in the Stone,Sir Ector
Claud Allister,The Reluctant Dragon,Sir Giles
Terry-Thomas,Robin Hood,Sir Hiss
Norman Alden,The Sword in the Stone,Sir Kay
Alan Napier,The Sword in the Stone,Sir Pellinore
Dana Laurita,Robin Hood,Sis Bunny
D. B. Sweeney,Brother Bear,Sitka
Billy Whittaker,Robin Hood,Skippy Bunny
Pinto Colvig,Snow White and the Seven Dwarfs,Sleepy
Stuffy Singer,Peter Pan,Slightly
David Lander,Who Framed Roger Rabbit,Smarty the Weasel
Jim Cummings,Timon and Pumbaa,Smolder the Bear
Billy Gilbert,Snow White and the Seven Dwarfs,Sneezy
Adriana Caselotti,Snow White and the Seven Dwarfs,Snow White
Ariel Winter,Sofia the First,Princess Sofia
Rich Moore,Wreck-It Ralph,Sour Bill
Mickey Rooney,Lady and the Tramp II: Scamp's Adventure,Sparky
Corey Burton,Timon and Pumbaa,Speedy the Snail
Tara Strong,101 Dalmatians: The Series,Spot
Helena Bonham Carter,Fantasia 2000,Spring Sprite
Ron Perlman,Tangled,Stabbington Brothers
Rob Paulsen,Darkwing Duck,Steelbeak
Chris Sanders,Lilo & Stitch,Stitch
Charles Judels,Pinocchio,Stromboli
Don Lake,Zootopia,Stu Hopps
Fred Newman,Who Framed Roger Rabbit,Stupid the Weasel
Douglas Seale,Aladdin,The Sultan
Frank Welker,Beauty and the Beast,Sultan the Footstool
Hayden Panettiere,Dinosaur,Suri
Robert Loggia,Oliver & Company,Sykes
Bebe Neuwirth,An Extremely Goofy Movie,Sylvia Marpole
Daniel Henney,Big Hero 6,Tadashi Hamada
Mindy Kaling,Wreck-It Ralph,Taffyta Muttonfudge
Dori Whittaker,Robin Hood,Tagalong Bunny
Jemaine Clement,Moana,Tamatoa
Joan Copeland,Brother Bear,Tanana
Brad Garrett,An Extremely Goofy Movie,Tank
Dana Hill,Darkwing Duck,Tank Muddlefoot
Wayne Knight,Tarzan,Tantor
Grant Bardsley,The Black Cauldron,Taran
Tony Goldwyn,Tarzan,Tarzan
Alex D. Linz,Tarzan,Tarzan
Tim Curry,Darkwing Duck,Taurus Bulba
Diedrich Bader,The Country Bears,Ted Betterhead
Jesse McCartney,Disney Fairies,Terence
Rosie O'Donnell,Tarzan,Terk
LaChanze,Hercules,Terpsichore
Roz Ryan,Hercules,Thalia
Christian Bale,Pocahontas,Thomas
Phil Harris,The Aristocats,Thomas O'Malley
Randy Savage,Bolt,Thug
Peter Behn,Bambi,Thumper
Margaret Lee,Bambi,Thumper's Mother
Anika Noni Rose,The Princess and the Frog,Tiana
Cree Summer,Peter Pan,Tiger Lily
Paul Winchell,Winnie the Pooh and the Blustery Day,Tigger
Alyce Ardell,Silly Symphonies,Tillie Tiger
Nathan Lane,The Lion King,Timon
Julie Kavner,The Lion King 1½,Timon's Mother
Edward Brophy,Dumbo,Timothy Q. Mouse
Catherine O'Hara,Chicken Little,Tina
Mae Whitman,Peter Pan,Tinker Bell
Jason Marsden,The Weekenders,Tino Tonitini
Joe Mateo,Meet the Robinsons,Tiny
Max Casella,The Little Mermaid II: Return to the Sea,Tip
Eli Russell Linnetz,The Emperor's New Groove,Tipo
Cheech Marin,Oliver & Company,Tito
Barnett Parker,The Reluctant Dragon,Tobias the Reluctant Dragon
Frank Welker,The Great Mouse Detective,Toby the Dog
Eddie Holden,The Tortoise and the Hare,Toby Tortoise
Richie Sanders,Robin Hood,Toby Turtle
Keith Coogan,The Fox and the Hound,Tod
Frank Welker,Bonkers,Toots
Gary Dubin,The Aristocats,Toulouse
Larry Roberts,Lady and the Tramp,Tramp
George Lindsey,Robin Hood,Trigger the Vulture
Bill Baucom,Lady and the Tramp,Trusty
Michael Clarke Duncan,Brother Bear,Tug
Temuera Morrison,Moana,Tui Waialiki
Don Knotts,Chicken Little,Turkey Lurkey
Kenneth Mars,Darkwing Duck,Tuskernini
J. Pat O'Malley,Alice in Wonderland,Tweedledum and Tweedledee
Paul Briggs,The Princess and the Frog,Two Fingers
Adam West,Meet the Robinsons,Uncle Art
Jerry Stiller,The Lion King 1½,Uncle Max
Bill Thompson,The Aristocats,Uncle Waldo
Pat Carroll,The Little Mermaid,Ursula
Sarah Silverman,Wreck-It Ralph,Vanellope von Schweetz
Pat Carroll,The Little Mermaid,Vanessa (The Little Mermaid)
Diedrich Bader,Bolt,Veteran Cat
Charles Kimbrough,The Hunchback of Notre Dame,Victor
Pamela Adlon,Disney Fairies,Vidia
Don Novello,Atlantis: The Lost Empire,"Vincenzo ""Vinny"" Santorini"
Lacey Chabert,The Lion King II: Simba's Pride,Vitani
Sandy Duncan,The Fox and the Hound,Vixey
Ron Feinberg,Darkwing Duck,Vladimir Goudenov Grizzlikof
Townsend Coleman,Timon and Pumbaa,Vulture Police
Frank Welker,Goof Troop,Waffles
J. Pat O'Malley,Alice in Wonderland,The Walrus
Russi Taylor,DuckTales,Webby Vanderquack
Jim Cummings,Belle's Magical World,Webster
Kathryn Beaumont,Peter Pan,Wendy Darling
Steve Buscemi,Home on the Range,Wesley
June Foray,Who Framed Roger Rabbit,Wheezy the Weasel
Bill Thompson,Alice in Wonderland,White Rabbit
Jeanette Nolan,The Fox and the Hound,Widow Tweed
David Ogden Stiers,Pocahontas,Wiggins
John Candy,The Rescuers Down Under,Wilbur
Wesley Singerman,Meet the Robinsons,Wilbur Robinson
Florence Stanley,Atlantis: The Lost Empire,Wilhelmina Packard
Billy Gilbert,Fun and Fancy Free,Willie the Giant
Verna Felton,The Jungle Book,Winifred the Elephant
Oliver Wallace,The Adventures of Ichabod and Mr. Toad,Winkie the Barman
Sterling Holloway,Winnie the Pooh and the Honey Tree,Winnie the Pooh
William Glover,Oliver & Company,Winston
John DiMaggio,Zootopia,Woolter the Ram
Jim Cummings,Sofia the First,Wormwood the Raven
John C. Reilly,Wreck-It Ralph,Wreck-It Ralph
Adam Carolla,Wreck-It Ralph,Wynchel
Frank Welker,Aladdin (TV series),Xerxes
Harvey Fierstein,Mulan,Yao
Ossie Davis,Dinosaur,Yar
Tommy Chong,Zootopia,Yax
Corey Burton,Fantasia,Yen Sid
Eartha Kitt,The Emperor's New Groove,Yzma
Christina Hendricks,The Pirate Fairy,Zarina
Rowan Atkinson,The Lion King,Zazu
Haley Joel Osment,The Hunchback of Notre Dame II,Zephyr
Rip Torn,Hercules,Zeus
Digby Wolfe,The Jungle Book,Ziggy the Vulture
Max Casella,Dinosaur,Zini
Corey Burton,Chip 'n Dale Rescue Rangers,Zipper
Suzanne Pleshette,The Lion King II: Simba's Pride,Zira
